Workbook

Sheet Sheet1
A1: Time Step | B1: Golden Standard | C1: CellProfiler | D1: DeLTA | E1: Oufti | F1: SuperSegger
A2: 1 | B2: 105 | C2: 104 | D2: 121 | E2: 77 | F2: 125
A3: 2 | B3: 108 | C3: 112 | D3: 122 | E3: 78 | F3: 123
A4: 3 | B4: 106 | C4: 116 | D4: 123 | E4: 78 | F4: 123
A5: 4 | B5: 107 | C5: 118 | D5: 125 | E5: 82 | F5: 124
A6: 5 | B6: 109 | C6: 112 | D6: 124 | E6: 82 | F6: 126
A7: 6 | B7: 113 | C7: 117 | D7: 125 | E7: 83 | F7: 126
A8: 7 | B8: 113 | C8: 116 | D8: 129 | E8: 84 | F8: 128
A9: 8 | B9: 114 | C9: 118 | D9: 129 | E9: 83 | F9: 128
A10: 9 | B10: 116 | C10: 119 | D10: 131 | E10: 83 | F10: 130
A11: 10 | B11: 116 | C11: 120 | D11: 133 | E11: 84 | F11: 131
A12: 11 | B12: 118 | C12: 114 | D12: 135 | E12: 84 | F12: 134
A13: 12 | B13: 118 | C13: 118 | D13: 138 | E13: 84 | F13: 136
... A113: 112 | B113: 1454 | C113: 1040 | D113: 1736 | E113: 53 | F113: 1991

Sheet FP&FN
A1: Time Step | B1: CellProfiler | C1: DeLTA | D1: Oufti | E1: SuperSegger | H1: FP | I1: FN
A2: 1 | B2: =Sheet1!C2-Sheet1!B2 -> -1 | C2: =Sheet1!D2-Sheet1!B2 -> 16 | D2: =Sheet1!E2-Sheet1!B2 -> -28 | E2: =Sheet1!F2-Sheet1!B2 -> 20 | H2: + | I2: -
A3: 2 | B3: =Sheet1!C3-Sheet1!B3 -> 4 | C3: =Sheet1!D3-Sheet1!B3 -> 14 | D3: =Sheet1!E3-Sheet1!B3 -> -30 | E3: =Sheet1!F3-Sheet1!B3 -> 15
A4: 3 | B4: =Sheet1!C4-Sheet1!B4 -> 10 | C4: =Sheet1!D4-Sheet1!B4 -> 17 | D4: =Sheet1!E4-Sheet1!B4 -> -28 | E4: =Sheet1!F4-Sheet1!B4 -> 17
A5: 4 | B5: =Sheet1!C5-Sheet1!B5 -> 11 | C5: =Sheet1!D5-Sheet1!B5 -> 18 | D5: =Sheet1!E5-Sheet1!B5 -> -25 | E5: =Sheet1!F5-Sheet1!B5 -> 17
A6: 5 | B6: =Sheet1!C6-Sheet1!B6 -> 3 | C6: =Sheet1!D6-Sheet1!B6 -> 15 | D6: =Sheet1!E6-Sheet1!B6 -> -27 | E6: =Sheet1!F6-Sheet1!B6 -> 17
A7: 6 | B7: =Sheet1!C7-Sheet1!B7 -> 4 | C7: =Sheet1!D7-Sheet1!B7 -> 12 | D7: =Sheet1!E7-Sheet1!B7 -> -30 | E7: =Sheet1!F7-Sheet1!B7 -> 13
A8: 7 | B8: =Sheet1!C8-Sheet1!B8 -> 3 | C8: =Sheet1!D8-Sheet1!B8 -> 16 | D8: =Sheet1!E8-Sheet1!B8 -> -29 | E8: =Sheet1!F8-Sheet1!B8 -> 15
A9: 8 | B9: =Sheet1!C9-Sheet1!B9 -> 4 | C9: =Sheet1!D9-Sheet1!B9 -> 15 | D9: =Sheet1!E9-Sheet1!B9 -> -31 | E9: =Sheet1!F9-Sheet1!B9 -> 14
A10: 9 | B10: =Sheet1!C10-Sheet1!B10 -> 3 | C10: =Sheet1!D10-Sheet1!B10 -> 15 | D10: =Sheet1!E10-Sheet1!B10 -> -33 | E10: =Sheet1!F10-Sheet1!B10 -> 14
A11: 10 | B11: =Sheet1!C11-Sheet1!B11 -> 4 | C11: =Sheet1!D11-Sheet1!B11 -> 17 | D11: =Sheet1!E11-Sheet1!B11 -> -32 | E11: =Sheet1!F11-Sheet1!B11 -> 15
A12: 11 | B12: =Sheet1!C12-Sheet1!B12 -> -4 | C12: =Sheet1!D12-Sheet1!B12 -> 17 | D12: =Sheet1!E12-Sheet1!B12 -> -34 | E12: =Sheet1!F12-Sheet1!B12 -> 16
A13: 12 | B13: =Sheet1!C13-Sheet1!B13 -> 0 | C13: =Sheet1!D13-Sheet1!B13 -> 20 | D13: =Sheet1!E13-Sheet1!B13 -> -34 | E13: =Sheet1!F13-Sheet1!B13 -> 18
A14: 13 | B14: =Sheet1!C14-Sheet1!B14 -> -9 | C14: =Sheet1!D14-Sheet1!B14 -> 21 | D14: =Sheet1!E14-Sheet1!B14 -> -32 | E14: =Sheet1!F14-Sheet1!B14 -> 19
... A113: 112 | B113: =Sheet1!C113-Sheet1!B113 -> -414 | C113: =Sheet1!D113-Sheet1!B113 -> 282 | D113: =Sheet1!E113-Sheet1!B113 -> -1401 | E113: =Sheet1!F113-Sheet1!B113 -> 537
